# id|category|title|seconds|character
W01|weapon|轻炮发射|0.7|干脆机械击发、短火药爆发、少低频
W02|weapon|中炮发射|1.1|厚实炮口瞬态、金属后坐、适量中低频
W03|weapon|重炮发射|1.8|深厚冲击、空气压缩、克制低频尾音
W04|weapon|超重炮发射|2.4|独立完整炮声、更深压力波、不额外叠重炮
W05|weapon|鱼雷管发射|0.9|锁扣释放、压缩空气、短促破水
W06|water|鱼雷近场航行|8|低强度细水流循环，无警报或定位脉冲
W07a|weapon|反潜投放|0.5|机械释放、重物滑脱
W07b|water|深弹入水|0.8|沉重入水、短气泡
W08|impact|水下反潜爆炸|1.4|低通闷爆、短压力波、无地上碎片
W09|weapon|近防机炮|0.7|受控短连射、清楚节奏、不过度尖锐
W10a|weapon|重防空炮|0.9|短炮击、偏中频、轻后坐
W10b|impact|防空空爆|0.7|空气中干裂爆破、无水声
W11|weapon|重炮掠过|0.8|短空气撕裂、单次通过、无长尖啸
W12a|water|小水柱|0.6|清脆小溅水、细水滴
W12b|water|中水柱|1.0|较宽破水、回落水滴
W12c|water|大水柱|1.6|深厚水冲击、大量水落回海面
W13a|impact|轻舰装受击|0.45|短金属敲击、轻结构振动
W13b|impact|重舰装受击|1.0|厚金属冲击、短暂结构共振
W14|impact|鱼雷爆炸|2.0|深水爆破、巨大破水、控制低频尾部
W15a|impact|岸地爆炸|1.3|岩石碎裂、干燥爆炸、无水柱
W15b|impact|鱼雷撞岸|1.6|贴岸闷爆、岩屑与少量回水
W16|impact|触岸摩擦|0.7|粗糙摩擦、机械顿挫、无爆炸
W17a|water|轻起步破水|0.7|轻滑行加速、小水花
W17b|water|中起步破水|0.9|中等滑行加速、扇形水花
W17c|water|重起步破水|1.2|厚重滑行水流、低频浪头
W18|water|巡航尾流|8|低强度水流循环、没有巨舰发动机轰鸣
W19|impact|沉没收尾|2.8|舰装缓慢吱响、沉水、气泡、无重复爆炸
A01|aviation|编队出击|1.5|螺旋桨加速、短集体掠离
A02|aviation|编队巡航|8|稳定螺旋桨循环、轻气流
A03|aviation|航空炸弹释放|0.6|轻机械解锁、短下坠风声
A05|water|航空鱼雷入水|1.0|斜向细长入水、破水后气泡
A06a|aviation|飞机受损|0.5|短金属破损与引擎不稳
A06b|aviation|飞机坠海|1.5|下降引擎、破水、不加胜利提示
S01|submarine|下潜过程|2.0|泄压、逐渐变闷的气泡与水流
S02|submarine|上浮过程|2.0|由闷到清的水流、最后破水
S03a|submarine|下潜完成提示|0.4|柔和下降双音、短结束
S03b|submarine|上浮完成提示|0.4|清楚上升双音、与下潜成对
S04|alert|低氧预警|0.7|中低音双脉冲、克制提醒
S05|alert|强制上浮警告|1.0|紧凑三脉冲、与低氧节奏不同、无长警笛
S06|alert|氧气恢复提示|0.5|柔和回升三音、无奖励感
S07|submarine|潜航水声|8|细密低通气泡循环、无声呐
K01|skill|技能施放确认|0.35|短金属亮点、明确成功、不含爆炸
K02|skill|火控收束|0.55|两次机械聚焦、短电子收束
K03|skill|鱼雷突击起势|0.55|机械蓄势、短气流、不含实际发射
K04|skill|航空技能起势|0.65|轻推进上扬、无实际飞机起飞
K05|skill|防空反潜警戒|0.55|清楚双音展开、不持续警笛
K06|skill|侦查照明起势|0.65|抽象扫描纹理、轻亮展开
K07|skill|机动鼓舞起势|0.6|流动上扬、轻水流与柔和音高
K08|skill|防护隐蔽续航起势|0.7|低而温暖的收拢声、无魔法护盾碰撞
K09|skill|关键状态结束|0.4|轻下降收束、不表示失败
N01|alert|新接触|0.55|清楚中高双点、克制注意声
N02|alert|目标失去接触|0.5|中音短下降、不过度危急
N03|alert|发现敌雷|0.75|中频三点、不暗示必定逼近
N04|alert|鱼雷危险窗|1.0|快速交替短脉冲、辨识度高、不刺耳
N05|alert|已知水雷风险|0.8|低中频断续双组、区别鱼雷
N06|alert|旗舰危急|1.1|低高交替三组、突出节奏而非音量
N07a|alert|友舰危急|0.7|中音双组、低于旗舰紧迫度
N07b|alert|友舰击沉确认|0.8|克制下降三音、无爆炸
N08|alert|敌舰击沉确认|0.55|清晰落定双音、无庆功乐句
N09|alert|出击就绪|0.8|干净上行短序列、明确开始
N10|alert|任务阶段更新|0.45|轻中音两点、信息到达
N11a|alert|目标完成|0.7|温暖上行三音、短而明确
N11b|alert|目标失败|0.65|克制下行两音、非战败音乐
N12a|alert|己方增援抵达|0.65|中音上扬双组、集体抵达
N12b|alert|公开敌方增援|0.7|中音压低双组、注意而非庆祝
N13|alert|时间即将耗尽|0.7|有限双脉冲、无逐秒倒数
N16|alert|奖励解锁确认|0.9|温暖明亮三音、节制成就感
E01|ambience|平静海面|12|柔和宽阔海水循环、无鸟声或音乐
E02a|ambience|中海况浪层|12|连续起伏浪涌循环、平滑波峰
E02b|ambience|高海况浪层|12|较密厚浪循环、保留动态、无雷声
E03a|ambience|轻风层|12|柔和空气流动循环、无浪雨
E03b|ambience|强风层|12|较低宽频风循环、无尖啸或雨
E04a|ambience|普通雨层|12|细密雨落海面循环、无雷风
E04b|ambience|强雨层|12|密集较粗雨滴循环、无雷声
E05a|ambience|远闷雷|4|远方柔闷低沉滚雷、自然衰减
E05b|ambience|近雷鸣|3|较清晰雷鸣冲击、受控尾音、无雨底噪
E06|ambience|近岸浪拍|12|轻浪拍岸与回水循环、无海鸥人声
E10a|alert|环境恶化提示|0.6|中音轻下降、非危险警报
E10b|alert|环境改善提示|0.6|柔和回升、非奖励
E12a|alert|航空条件受限|0.65|两短一长中音、非绝对禁飞警笛
E12b|alert|航空条件恢复|0.5|短促回升、与受限成对
E13a|alert|潮汐通行收紧|0.65|低中音两组、注意通行
E13b|alert|潮汐通行恢复|0.5|低中音回升、明确恢复
E14|alert|己舰潮汐受限|0.7|短中低三点、克制操作提醒
F01a|facility|占领开始|0.4|短机械确认、未完成感
F01b|facility|占领完成|0.65|机械闭锁加温暖落定音
F02|facility|设施易主|0.6|短继电器切换、明确状态改变
F03a|facility|设施启用恢复|0.55|轻开关与上升电机
F03b|facility|设施压制停用|0.55|轻开关与下降电机
F04|facility|靠泊完成|0.8|短机械锁定与柔和水声
F05a|facility|补给开始|0.6|装填锁扣、轻机械推进
F05b|facility|补给工作|8|低强度间歇装填循环
F05c|facility|维修开始|0.6|轻工具扣合、微弱电机
F05d|facility|维修工作|8|低强度工具振动循环、无工业巨响
F05e|facility|服务完成|0.6|工具收回、短完成双音
F07|impact|设施坍塌尾声|1.7|短结构崩塌、碎块落下、无开火
F09a|facility|布雷开始|0.6|机械准备、不含爆炸
F09b|facility|布雷完成|0.6|机械合扣与短完成音
F11a|facility|雷场启用|0.45|低频开关与短上音
F11b|facility|雷场停用|0.45|低频开关与短下音
U01|ui|按钮确认|0.18|轻珐琅触点与温暖短音
U02|ui|返回取消|0.2|轻滑落、低于确认音高
U03|ui|选择改变|0.15|清晰小触点、不尖锐
U04a|ui|移动指令接受|0.25|短清楚双音、落定
U04b|ui|航点排队|0.2|轻触点、开放尾音、不暗示可达
U04c|ui|集火确认|0.3|短机械聚焦、明确指向
U05a|ui|命令拒绝|0.3|柔和低音双击、非惩罚蜂鸣
U05b|ui|部分执行|0.35|一亮一暗短音、区别完全接受
U05c|ui|技术故障|0.4|中性三点、无战败情绪
U06|ui|弹种切换|0.3|短金属拨片、无就绪提示
U07a|ui|辅助开启|0.22|短上行双音
U07b|ui|辅助关闭|0.22|短下行双音
U08|ui|主武器就绪|0.4|机械闭锁与一个温暖短音
U09|ui|技能就绪|0.45|轻亮双音、区别装填
U10a|ui|战术暂停|0.3|柔和向内收束
U10b|ui|战术继续|0.3|柔和向外展开
U11|ui|面板出现|0.3|中性轻展开、无成功失败判断
U12a|ui|计划排入|0.22|轻笔触与触点、未执行感
U12b|ui|计划撤销|0.22|轻反向滑动
U12c|ui|计划开始执行|0.35|短序列启动、不暗示全部成功
U14a|ui|音量试听|0.35|平滑中音、无强瞬态
U14b|ui|设置保存成功|0.3|短轻落定双音
